Model,FD001,FD002,FD003,FD004
SVR,9.516816488407574,9.65774581771294,9.789559080017805,9.427953124194605
LSTM,6.582659709275645,6.557700621141959,6.511849885422863,6.51945027868209
TCN,4.419264793542444,5.181287408648493,4.336440133442316,5.217642589056672
Transformer,5.653067972341377,5.47297342684232,5.525928806710721,5.427150651246693
