Rank,Model,Avg_RMSE
1,TCN,4.7886587311724815
2,Transformer,5.519780214285278
3,LSTM,6.542915123630639
4,SVR,9.59801862758323
